original_name,file_name
82B13EFF-84F1-4315-8D54-E45FD1B9B79C.png,1.png
8366dbcc-984b-4437-b6b4-9bb679d5e770.jpg,2.jpg
B4853EDA-15F6-4FB2-8AA5-1E80D01911E3.jpg,3.jpg
BA12AA84-EC52-4F8A-BBA4-A7F4D99275F7.jpg,4.jpg
Edited_Quinta_da_Regaleira_Poco_BW_HD_Var1.jpeg,5.jpeg
Edited_Quinta_da_Regaleira_Poco_BW_HD_Var2.JPEG,6.JPEG
FFAE1E3B-B7E7-402F-95FF-8253A99AA6B3.jpg,7.jpg
IMG_7356.PNG,8.PNG
IMG_7357.JPEG,9.JPEG
IMG_7358.JPEG,10.JPEG
IMG_7359.JPEG,11.JPEG
IMG_7360.JPEG,12.JPEG
IMG_7361.JPEG,13.JPEG
IMG_7362.JPEG,14.JPEG
IMG_7363.JPEG,15.JPEG
IMG_7364.JPEG,16.JPEG
IMG_7365.jpg,17.jpg
IMG_7366.JPEG,18.JPEG
IMG_7367.jpg,19.jpg
IMG_7368.JPEG,20.JPEG
IMG_7369.JPEG,21.JPEG
IMG_7370.JPEG,22.JPEG
IMG_7371.JPEG,23.JPEG
IMG_7372.JPEG,24.JPEG
IMG_7373.JPEG,25.JPEG
IMG_7374.JPEG,26.JPEG
IMG_7375.jpg,27.jpg
IMG_7376.jpg,28.jpg
IMG_7377.jpg,29.jpg
IMG_7378.jpg,30.jpg
IMG_7379.jpg,31.jpg
IMG_7380.JPEG,32.JPEG
IMG_7381.JPEG,33.JPEG
IMG_7383.JPEG,34.JPEG
IMG_7384.JPEG,35.JPEG
IMG_7384.jpg,36.jpg
IMG_7386.JPEG,37.JPEG
IMG_7387.JPEG,38.JPEG
IMG_7388.JPEG,39.JPEG
IMG_7393.jpg,40.jpg
IMG_7394.jpg,41.jpg
IMG_7395.jpg,42.jpg
IMG_7397.PNG,43.PNG
IMG_7398.PNG,44.PNG
IMG_7399.PNG,45.PNG
IMG_7400.PNG,46.PNG
IMG_7401.PNG,47.PNG
IMG_7402.JPEG,48.JPEG
IMG_7403.JPEG,49.JPEG
IMG_7404.JPEG,50.JPEG
IMG_7405.JPEG,51.JPEG
IMG_7406.JPEG,52.JPEG
IMG_7407.jpg,53.jpg
IMG_7408.JPEG,54.JPEG
IMG_7409.JPEG,55.JPEG
IMG_7410.JPEG,56.JPEG
IMG_7411.jpg,57.jpg
IMG_7412.JPEG,58.JPEG
IMG_7413.JPEG,59.JPEG
IMG_7414.JPEG,60.JPEG
IMG_7415.JPEG,61.JPEG
IMG_7416.JPEG,62.JPEG
IMG_7417.JPEG,63.JPEG
IMG_7418.JPEG,64.JPEG
IMG_7419.JPEG,65.JPEG
IMG_7420.JPEG,66.JPEG
IMG_7421.JPEG,67.JPEG
IMG_7422.JPEG,68.JPEG
IMG_7424.JPEG,69.JPEG
IMG_7425.JPEG,70.JPEG
IMG_7426.JPEG,71.JPEG
IMG_7427.JPEG,72.JPEG
IMG_7428.jpg,73.jpg
IMG_7429.jpg,74.jpg
IMG_7430.JPEG,75.JPEG
IMG_7431.JPEG,76.JPEG
IMG_7432.JPEG,77.JPEG
IMG_7434.JPEG,78.JPEG
IMG_7435.JPEG,79.JPEG
IMG_7436.jpg,80.jpg
IMG_7437.jpg,81.jpg
IMG_7438.jpg,82.jpg
IMG_7439.jpg,83.jpg
IMG_7440.JPEG,84.JPEG
IMG_7441.JPEG,85.JPEG
IMG_7442.jpg,86.jpg
IMG_7443.JPEG,87.JPEG
IMG_7444.JPEG,88.JPEG
IMG_7445.jpg,89.jpg
IMG_7446.JPEG,90.JPEG
IMG_7447.JPEG,91.JPEG
IMG_7448.JPEG,92.JPEG
IMG_7449.JPEG,93.JPEG
IMG_7450.JPEG,94.JPEG
IMG_7451.JPEG,95.JPEG
IMG_7452.JPEG,96.JPEG
IMG_7453.JPEG,97.JPEG
IMG_7454.JPEG,98.JPEG
IMG_7455.JPEG,99.JPEG
IMG_7456.JPEG,100.JPEG
IMG_7457.JPEG,101.JPEG
IMG_7458.JPEG,102.JPEG
IMG_7459.JPEG,103.JPEG
IMG_7460.JPEG,104.JPEG
IMG_7461.JPEG,105.JPEG
IMG_7462.jpg,106.jpg
IMG_7463.JPEG,107.JPEG
IMG_7464.JPEG,108.JPEG
IMG_7465.JPEG,109.JPEG
IMG_7466.JPEG,110.JPEG
IMG_7467.JPEG,111.JPEG
IMG_7468.JPEG,112.JPEG
IMG_7469.JPEG,113.JPEG
IMG_7470.JPEG,114.JPEG
IMG_7471.JPEG,115.JPEG
IMG_7472.JPEG,116.JPEG
IMG_7473.JPEG,117.JPEG
IMG_7474.jpg,118.jpg
IMG_7475.JPEG,119.JPEG
IMG_7476.JPEG,120.JPEG
IMG_7477.JPEG,121.JPEG
IMG_7478.jpg,122.jpg
IMG_7479.JPEG,123.JPEG
IMG_7480.JPEG,124.JPEG
IMG_7482.jpg,125.jpg
IMG_7484.JPEG,126.JPEG
IMG_7485.JPEG,127.JPEG
IMG_7486.JPEG,128.JPEG
IMG_7487.JPEG,129.JPEG
IMG_7487.jpg,130.jpg
IMG_7488.JPEG,131.JPEG
IMG_7489.JPEG,132.JPEG
IMG_7490.JPEG,133.JPEG
IMG_7491.JPEG,134.JPEG
IMG_7492.jpg,135.jpg
IMG_7493.jpg,136.jpg
IMG_7494.jpg,137.jpg
IMG_7497.PNG,138.PNG
IMG_7498.PNG,139.PNG
IMG_7499.PNG,140.PNG
IMG_7500.PNG,141.PNG
IMG_7501.PNG,142.PNG
IMG_7502.jpg,143.jpg
IMG_7504.jpg,144.jpg
IMG_7505.jpg,145.jpg
IMG_7506.JPEG,146.JPEG
IMG_7507.JPEG,147.JPEG
IMG_7508.JPEG,148.JPEG
IMG_7509.JPEG,149.JPEG
IMG_7510.JPEG,150.JPEG
IMG_7511.JPEG,151.JPEG
IMG_7512.JPEG,152.JPEG
IMG_7514.jpg,153.jpg
IMG_7515.jpg,154.jpg
IMG_7516.JPEG,155.JPEG
IMG_7517.JPEG,156.JPEG
IMG_7518.JPEG,157.JPEG
IMG_7519.JPEG,158.JPEG
IMG_7520.JPEG,159.JPEG
IMG_7521.jpg,160.jpg
IMG_7522.JPEG,161.JPEG
IMG_7523.JPEG,162.JPEG
IMG_7524.JPEG,163.JPEG
IMG_7525.JPEG,164.JPEG
IMG_7526.JPEG,165.JPEG
IMG_7527.jpg,166.jpg
IMG_7528.jpg,167.jpg
IMG_7529.jpg,168.jpg
IMG_7530.jpg,169.jpg
IMG_7531.jpg,170.jpg
IMG_7532.jpg,171.jpg
IMG_7533.jpg,172.jpg
IMG_7534.JPEG,173.JPEG
IMG_7535.jpg,174.jpg
IMG_7536.JPEG,175.JPEG
IMG_7537.JPEG,176.JPEG
IMG_7538.JPEG,177.JPEG
IMG_7539.jpg,178.jpg
IMG_7540.JPEG,179.JPEG
IMG_7541.JPEG,180.JPEG
IMG_7542.JPEG,181.JPEG
IMG_7543.JPEG,182.JPEG
IMG_7544.JPEG,183.JPEG
IMG_7545.jpg,184.jpg
IMG_7546.jpg,185.jpg
IMG_7547.jpg,186.jpg
IMG_7548.jpg,187.jpg
IMG_7549.JPEG,188.JPEG
IMG_7550.JPEG,189.JPEG
IMG_7551.JPEG,190.JPEG
IMG_7551.jpg,191.jpg
IMG_7552.JPEG,192.JPEG
IMG_7553.JPEG,193.JPEG
IMG_7554.JPEG,194.JPEG
IMG_7555.JPEG,195.JPEG
IMG_7556.JPEG,196.JPEG
IMG_7557.JPEG,197.JPEG
IMG_7558.JPEG,198.JPEG
IMG_7559.JPEG,199.JPEG
IMG_7560.JPEG,200.JPEG
IMG_7561.JPEG,201.JPEG
IMG_7562.JPEG,202.JPEG
IMG_7563.JPEG,203.JPEG
IMG_7564.JPEG,204.JPEG
IMG_7565.JPEG,205.JPEG
IMG_7566.JPEG,206.JPEG
IMG_7567.JPEG,207.JPEG
IMG_7568.jpg,208.jpg
IMG_7569.JPEG,209.JPEG
IMG_7570.jpg,210.jpg
IMG_7571.JPEG,211.JPEG
IMG_7572.JPEG,212.JPEG
IMG_7573.JPEG,213.JPEG
IMG_7574.JPEG,214.JPEG
IMG_7575.JPEG,215.JPEG
IMG_7576.JPEG,216.JPEG
IMG_7577.jpg,217.jpg
IMG_7578.JPEG,218.JPEG
IMG_7579.JPEG,219.JPEG
IMG_7580.JPEG,220.JPEG
IMG_7581.JPEG,221.JPEG
IMG_7582.JPEG,222.JPEG
IMG_7583.jpg,223.jpg
IMG_7585.JPEG,224.JPEG
IMG_7586.JPEG,225.JPEG
IMG_7587.JPEG,226.JPEG
IMG_7588.JPEG,227.JPEG
IMG_7589.JPEG,228.JPEG
IMG_7590.jpg,229.jpg
IMG_7591.JPEG,230.JPEG
IMG_7592.JPEG,231.JPEG
IMG_7593.jpg,232.jpg
IMG_7594.JPEG,233.JPEG
IMG_7595.jpg,234.jpg
IMG_7596.JPEG,235.JPEG
IMG_7598.JPEG,236.JPEG
IMG_7600.JPEG,237.JPEG
IMG_7601.JPEG,238.JPEG
IMG_7602.JPEG,239.JPEG
IMG_7603.JPEG,240.JPEG
IMG_7604.JPEG,241.JPEG
IMG_7605.jpg,242.jpg
IMG_7606.JPEG,243.JPEG
IMG_7607.JPEG,244.JPEG
IMG_7608.JPEG,245.JPEG
IMG_7609.JPEG,246.JPEG
IMG_7610.JPEG,247.JPEG
IMG_7611.JPEG,248.JPEG
IMG_7612.JPEG,249.JPEG
IMG_7613.JPEG,250.JPEG
IMG_7614.JPEG,251.JPEG
IMG_7615.JPEG,252.JPEG
IMG_7616.JPEG,253.JPEG
IMG_7617.JPEG,254.JPEG
IMG_7618.JPEG,255.JPEG
IMG_7619.JPEG,256.JPEG
IMG_7619.jpg,257.jpg
IMG_7620.JPEG,258.JPEG
IMG_7621.JPEG,259.JPEG
IMG_7622.JPEG,260.JPEG
IMG_7623.JPEG,261.JPEG
IMG_7624.JPEG,262.JPEG
IMG_7626.PNG,263.PNG
IMG_7627.JPEG,264.JPEG
IMG_7628.JPEG,265.JPEG
IMG_7629.JPEG,266.JPEG
IMG_7630.jpg,267.jpg
IMG_7631.JPEG,268.JPEG
IMG_7632.JPEG,269.JPEG
IMG_7633.JPEG,270.JPEG
IMG_7634.JPEG,271.JPEG
IMG_7635.JPEG,272.JPEG
IMG_7636.JPEG,273.JPEG
IMG_7637.JPEG,274.JPEG
IMG_7638.JPEG,275.JPEG
IMG_7639.JPEG,276.JPEG
IMG_7640.JPEG,277.JPEG
IMG_7641.JPEG,278.JPEG
IMG_7642.JPEG,279.JPEG
IMG_7643.JPEG,280.JPEG
IMG_7644.JPEG,281.JPEG
IMG_7645.JPEG,282.JPEG
IMG_7646.JPEG,283.JPEG
IMG_7647.jpg,284.jpg
IMG_7648.jpg,285.jpg
IMG_7649.JPEG,286.JPEG
IMG_7650.JPEG,287.JPEG
IMG_7651.JPEG,288.JPEG
IMG_7652.JPEG,289.JPEG
IMG_7653.JPEG,290.JPEG
IMG_7654.JPEG,291.JPEG
IMG_7655.JPEG,292.JPEG
IMG_7656.JPEG,293.JPEG
IMG_7657.jpg,294.jpg
IMG_7658.jpg,295.jpg
IMG_7659.jpg,296.jpg
IMG_7660.jpg,297.jpg
IMG_7661.jpg,298.jpg
IMG_7662.jpg,299.jpg
IMG_7663.JPEG,300.JPEG
IMG_7664.JPEG,301.JPEG
IMG_7666.PNG,302.PNG
IMG_7667.PNG,303.PNG
IMG_7669.JPG,304.JPG
IMG_7672.PNG,305.PNG
IMG_7673.PNG,306.PNG
IMG_7690.JPEG,307.JPEG
IMG_7691.JPEG,308.JPEG
IMG_7692.JPEG,309.JPEG
IMG_7693.JPEG,310.JPEG
IMG_7694.JPEG,311.JPEG
IMG_7695.JPEG,312.JPEG
IMG_7696.JPEG,313.JPEG
IMG_7697.JPEG,314.JPEG
IMG_7698.JPEG,315.JPEG
IMG_7699.JPEG,316.JPEG
IMG_7700.JPEG,317.JPEG
IMG_7701.JPEG,318.JPEG
IMG_7702.JPEG,319.JPEG
IMG_7703.JPEG,320.JPEG
IMG_7704.JPEG,321.JPEG
IMG_7705.JPEG,322.JPEG
IMG_7706.JPEG,323.JPEG
IMG_7707.JPEG,324.JPEG
IMG_7708.JPEG,325.JPEG
IMG_7709.JPEG,326.JPEG
IMG_7710.JPEG,327.JPEG
IMG_7711.JPEG,328.JPEG
IMG_7712.JPEG,329.JPEG
IMG_7713.JPEG,330.JPEG
IMG_7714.jpg,331.jpg
IMG_7715.jpg,332.jpg
IMG_7716.jpg,333.jpg
IMG_7717.jpg,334.jpg
IMG_7718.jpg,335.jpg
IMG_7719.jpg,336.jpg
IMG_7720.JPEG,337.JPEG
IMG_7721.JPEG,338.JPEG
IMG_7722.JPEG,339.JPEG
IMG_7723.JPEG,340.JPEG
IMG_7726.JPEG,341.JPEG
IMG_7727.jpg,342.jpg
IMG_7728.jpg,343.jpg
IMG_7729.jpg,344.jpg
IMG_7730.jpg,345.jpg
IMG_7731.jpg,346.jpg
IMG_7732.jpg,347.jpg
IMG_7733.jpg,348.jpg
IMG_7734.jpg,349.jpg
IMG_7735.jpg,350.jpg
IMG_7736.JPEG,351.JPEG
IMG_7737.JPEG,352.JPEG
IMG_7741.jpg,353.jpg
IMG_7742.jpg,354.jpg
IMG_7743.jpg,355.jpg
IMG_7747.jpg,356.jpg
IMG_7748.JPEG,357.JPEG
IMG_7749.JPEG,358.JPEG
IMG_7750.JPEG,359.JPEG
IMG_7751.PNG,360.PNG
IMG_7752.jpg,361.jpg
IMG_7753.jpg,362.jpg
IMG_7754.jpg,363.jpg
IMG_7755.jpg,364.jpg
IMG_7756.JPEG,365.JPEG
IMG_7757.JPEG,366.JPEG
IMG_7758.JPEG,367.JPEG
IMG_7759.jpg,368.jpg
IMG_7760.jpg,369.jpg
IMG_7761.jpg,370.jpg
IMG_7762.jpg,371.jpg
IMG_7763.JPEG,372.JPEG
IMG_7764.JPEG,373.JPEG
IMG_7765.JPEG,374.JPEG
IMG_7766.JPEG,375.JPEG
IMG_7767.JPEG,376.JPEG
IMG_7768.JPEG,377.JPEG
IMG_7769.JPEG,378.JPEG
IMG_7770.JPEG,379.JPEG
IMG_7771.JPEG,380.JPEG
IMG_7772.JPEG,381.JPEG
IMG_7773.JPEG,382.JPEG
IMG_7774.JPEG,383.JPEG
IMG_7776.JPEG,384.JPEG
IMG_7777.JPEG,385.JPEG
IMG_7778.JPEG,386.JPEG
IMG_7779.JPEG,387.JPEG
IMG_7780.JPEG,388.JPEG
IMG_7781.jpg,389.jpg
IMG_7782.jpg,390.jpg
IMG_7783.JPEG,391.JPEG
IMG_7784.JPEG,392.JPEG
IMG_7786.JPEG,393.JPEG
IMG_7787.JPEG,394.JPEG
IMG_7788.JPEG,395.JPEG
IMG_7789.jpg,396.jpg
IMG_7790.jpg,397.jpg
IMG_7791.jpg,398.jpg
IMG_7792.jpg,399.jpg
IMG_7793.jpg,400.jpg
IMG_7794.jpg,401.jpg
IMG_7795.jpg,402.jpg
IMG_7796.jpg,403.jpg
IMG_7797.jpg,404.jpg
IMG_7798.jpg,405.jpg
IMG_7799.JPEG,406.JPEG
IMG_7800.JPEG,407.JPEG
IMG_7801.jpg,408.jpg
IMG_7803.JPEG,409.JPEG
IMG_7804.JPEG,410.JPEG
IMG_7805.JPEG,411.JPEG
IMG_7806.JPEG,412.JPEG
IMG_7807.JPEG,413.JPEG
IMG_7808.jpg,414.jpg
IMG_7809.jpg,415.jpg
IMG_7810.JPEG,416.JPEG
IMG_7811.JPEG,417.JPEG
IMG_7820.PNG,418.PNG
IMG_7821.JPEG,419.JPEG
IMG_7822.JPEG,420.JPEG
IMG_7823.JPEG,421.JPEG
IMG_7824.JPEG,422.JPEG
IMG_7825.jpg,423.jpg
IMG_7826.jpg,424.jpg
IMG_7827.jpg,425.jpg
IMG_7828.jpg,426.jpg
IMG_7829.JPEG,427.JPEG
IMG_7829.jpg,428.jpg
IMG_7830.JPEG,429.JPEG
IMG_7831.JPEG,430.JPEG
IMG_7832.JPEG,431.JPEG
IMG_7833.JPEG,432.JPEG
IMG_7834.JPEG,433.JPEG
IMG_7835.JPEG,434.JPEG
IMG_7836.JPEG,435.JPEG
IMG_7837.JPEG,436.JPEG
IMG_7838.JPEG,437.JPEG
IMG_7839.JPEG,438.JPEG
IMG_7840.JPEG,439.JPEG
IMG_7841.JPEG,440.JPEG
IMG_7842.jpg,441.jpg
IMG_7843.JPEG,442.JPEG
IMG_7844.JPEG,443.JPEG
IMG_7845.JPEG,444.JPEG
IMG_7846.JPEG,445.JPEG
IMG_7847.JPEG,446.JPEG
IMG_7848.JPEG,447.JPEG
IMG_7850.JPEG,448.JPEG
IMG_7851.JPEG,449.JPEG
IMG_7852.JPEG,450.JPEG
IMG_7853.JPEG,451.JPEG
IMG_7854.JPEG,452.JPEG
IMG_7855.JPEG,453.JPEG
IMG_7856.JPEG,454.JPEG
IMG_7857.JPEG,455.JPEG
IMG_7859.JPEG,456.JPEG
IMG_7860.JPEG,457.JPEG
IMG_7861.JPEG,458.JPEG
IMG_7862.JPEG,459.JPEG
IMG_7863.JPEG,460.JPEG
IMG_7864.JPEG,461.JPEG
IMG_7865.JPEG,462.JPEG
IMG_7866.JPEG,463.JPEG
IMG_7868.JPEG,464.JPEG
IMG_7869.JPEG,465.JPEG
IMG_7870.JPEG,466.JPEG
IMG_7871.JPEG,467.JPEG
IMG_7872.JPEG,468.JPEG
IMG_7873.JPEG,469.JPEG
IMG_7874.JPEG,470.JPEG
IMG_7875.jpg,471.jpg
IMG_7876.jpg,472.jpg
IMG_7877.JPEG,473.JPEG
IMG_7878.JPEG,474.JPEG
IMG_7879.JPEG,475.JPEG
IMG_7880.JPEG,476.JPEG
IMG_7881.JPEG,477.JPEG
IMG_7882.JPEG,478.JPEG
IMG_7883.JPEG,479.JPEG
IMG_7884.JPEG,480.JPEG
IMG_7885.jpg,481.jpg
IMG_7886.JPEG,482.JPEG
IMG_7887.JPEG,483.JPEG
IMG_7888.JPEG,484.JPEG
IMG_7889.JPEG,485.JPEG
IMG_7890.JPEG,486.JPEG
IMG_7891.JPEG,487.JPEG
IMG_7892.JPEG,488.JPEG
IMG_7893.JPEG,489.JPEG
IMG_7894.JPEG,490.JPEG
IMG_7895.JPEG,491.JPEG
IMG_7896.JPEG,492.JPEG
IMG_7897.JPEG,493.JPEG
IMG_7898.JPEG,494.JPEG
IMG_7899.JPEG,495.JPEG
IMG_7900.JPEG,496.JPEG
IMG_7901.JPEG,497.JPEG
IMG_7906.jpg,498.jpg
IMG_7907.JPEG,499.JPEG
IMG_7908.JPEG,500.JPEG
IMG_7909.JPEG,501.JPEG
IMG_7910.JPEG,502.JPEG
IMG_7911.JPEG,503.JPEG
IMG_7912.jpg,504.jpg
IMG_7913.JPEG,505.JPEG
IMG_7914.JPEG,506.JPEG
IMG_7915.jpg,507.jpg
IMG_7916.jpg,508.jpg
IMG_7917.jpg,509.jpg
IMG_7918.jpg,510.jpg
IMG_7919.JPEG,511.JPEG
IMG_7920.JPEG,512.JPEG
IMG_7921.jpg,513.jpg
IMG_7922.jpg,514.jpg
IMG_7923.jpg,515.jpg
IMG_7924.jpg,516.jpg
IMG_7925.jpg,517.jpg
IMG_7926.jpg,518.jpg
IMG_7927.jpg,519.jpg
IMG_7928.JPEG,520.JPEG
IMG_7929.JPEG,521.JPEG
IMG_7930.JPEG,522.JPEG
IMG_7931.JPEG,523.JPEG
IMG_7933.jpg,524.jpg
IMG_7934.PNG,525.PNG
IMG_7941.jpg,526.jpg
IMG_7942.JPEG,527.JPEG
IMG_7947.jpg,528.jpg
IMG_7948.JPEG,529.JPEG
IMG_7949.JPEG,530.JPEG
IMG_7950.JPEG,531.JPEG
IMG_7951.JPEG,532.JPEG
IMG_7952.JPEG,533.JPEG
IMG_7953.PNG,534.PNG
IMG_7954.JPEG,535.JPEG
IMG_7956.jpg,536.jpg
IMG_7959.jpg,537.jpg
IMG_7960.JPEG,538.JPEG
IMG_7961.JPEG,539.JPEG
IMG_7962.JPEG,540.JPEG
IMG_7963.JPEG,541.JPEG
IMG_7964.JPEG,542.JPEG
IMG_7965.JPEG,543.JPEG
IMG_7966.JPEG,544.JPEG
IMG_7967.JPEG,545.JPEG
best_image_stories_format.jpeg,546.jpeg
processed_image_1.jpeg,547.jpeg
processed_image_2.jpeg,548.jpeg
processed_image_3.jpeg,549.jpeg
processed_latest_image_1.jpeg,550.jpeg
processed_latest_image_2.jpeg,551.jpeg
processed_latest_image_3.jpeg,552.jpeg
processed_latest_image_4.jpeg,553.jpeg
processed_new_image_salgado_1.jpeg,554.jpeg
processed_new_image_salgado_2.jpeg,555.jpeg
processed_new_image_salgado_3.jpeg,556.jpeg
processed_new_image_salgado_4.jpeg,557.jpeg
processed_salgado_image_new_1.jpeg,558.jpeg
processed_salgado_image_new_2.jpeg,559.jpeg
processed_salgado_image_new_3.jpeg,560.jpeg
